City_ID,City,Lat,Lng,Max Temp,Humidity,Cloudiness,Wind Speed,Country,Date
0,lebu,-37.6167,-73.65,12.89,87,66,1.97,CL,1667516971
1,punta arenas,-53.15,-70.9167,16.06,63,40,10.8,CL,1667516888
2,moron,-34.6534,-58.6198,19.98,58,0,5.27,AR,1667516972
3,san patricio,28.017,-97.5169,27.92,74,31,7.08,US,1667516972
4,aklavik,68.2191,-135.0107,-12.0,79,100,3.6,CA,1667516972
5,jangaon,17.7167,79.1833,20.72,81,2,0.65,IN,1667516973
6,georgetown,5.4112,100.3354,25.96,92,20,2.57,MY,1667516682
7,requena,39.4883,-1.1004,15.99,69,100,6.8,ES,1667516973
8,ushuaia,-54.8,-68.3,14.81,58,20,2.06,AR,1667516974
9,catamarca,-28.4696,-65.7852,25.43,17,9,4.02,AR,1667516974
10,jamestown,42.097,-79.2353,16.8,69,0,3.6,US,1667516807
11,mataura,-46.1927,168.8643,10.51,87,87,4.18,NZ,1667516975
12,cape town,-33.9258,18.4232,20.19,85,16,4.92,ZA,1667516887
13,pangnirtung,66.1451,-65.7125,-12.02,89,89,5.44,CA,1667516976
14,vaini,-21.2,-175.2,27.09,78,20,5.66,TO,1667516976
15,nara,34.6851,135.8049,14.72,70,91,1.08,JP,1667516770
16,butaritari,3.0707,172.7902,26.81,71,72,5.96,KI,1667516977
17,demba,-5.51,22.2667,18.79,86,62,0.63,CD,1667516978
18,norman wells,65.282,-126.8329,-15.17,89,100,3.85,CA,1667516867
19,biltine,14.5333,20.9167,21.64,19,100,3.67,TD,1667516978
20,sur,22.5667,59.5289,25.14,49,0,4.5,OM,1667516979
21,saint-philippe,-21.3585,55.7679,21.77,80,88,4.5,RE,1667516979
22,puerto rondon,6.2805,-71.1,21.64,81,98,3.98,CO,1667516979
23,namibe,-15.1961,12.1522,19.44,85,35,2.04,AO,1667516980
24,chuy,-33.6971,-53.4616,12.74,78,1,3.56,UY,1667516980
25,nikolskoye,59.7035,30.7861,0.94,90,83,1.24,RU,1667516981
26,vardo,70.3705,31.1107,2.99,93,100,12.86,NO,1667516981
27,vostok,46.4856,135.8833,-7.96,69,100,3.73,RU,1667516982
28,klaksvik,62.2266,-6.589,7.51,90,100,10.77,FO,1667516982
29,bara,10.3744,10.7288,26.16,26,100,4.38,NG,1667516982
30,peru,40.7537,-86.0689,19.27,68,0,3.6,US,1667516983
31,albany,42.6001,-73.9662,15.36,63,0,1.75,US,1667516821
32,shetpe,44.1667,52.1167,5.38,78,62,4.08,KZ,1667516984
33,faya,18.3851,42.4509,14.29,80,27,1.11,SA,1667516984
34,ribeira grande,38.5167,-28.7,19.87,97,11,4.02,PT,1667516985
35,puerto ayora,-0.7393,-90.3518,19.98,78,80,5.51,EC,1667516986
36,burns lake,54.2331,-125.7533,2.09,55,81,2.36,CA,1667516986
37,mar del plata,-38.0023,-57.5575,13.94,81,0,7.15,AR,1667516255
38,imelda,7.65,123.95,26.68,86,51,1.67,PH,1667516986
39,flin flon,54.7682,-101.865,-6.76,92,98,3.62,CA,1667516987
40,fortuna,40.5982,-124.1573,13.29,63,0,5.14,US,1667516988
41,tuktoyaktuk,69.4541,-133.0374,-15.03,89,100,4.75,CA,1667516988
42,lakes entrance,-37.8811,147.981,15.65,60,62,3.16,AU,1667516988
43,alofi,-19.0595,-169.9187,26.94,78,75,5.66,NU,1667516989
44,hobart,-42.8794,147.3294,15.59,58,40,4.63,AU,1667516719
45,kapaa,22.0752,-159.319,28.39,76,75,6.69,US,1667516964
46,natal,-5.795,-35.2094,27.36,74,20,6.17,BR,1667516785
47,padang,-0.9492,100.3543,24.99,87,100,1.65,ID,1667516990
48,bredasdorp,-34.5322,20.0403,17.62,96,100,5.89,ZA,1667516990
49,asau,46.4333,26.4,2.51,90,35,0.93,RO,1667516396
50,yashkul,46.1711,45.3435,3.44,73,70,2.96,RU,1667516991
51,aden,12.7794,45.0367,26.48,73,2,5.14,YE,1667516991
52,carballo,43.213,-8.691,14.93,92,77,1.35,ES,1667516992
53,guilin,25.2819,110.2864,19.66,45,97,4.62,CN,1667516877
54,tasiilaq,65.6145,-37.6368,0.09,95,100,5.12,GL,1667516992
55,acapulco,16.8634,-99.8901,27.9,78,0,5.14,MX,1667516756
56,chokurdakh,70.6333,147.9167,-24.64,95,100,1.55,RU,1667516993
57,okha,53.5739,142.9478,-0.26,61,63,3.21,RU,1667516993
58,vilhena,-12.7406,-60.1458,18.73,49,15,1.5,BR,1667516994
59,siyabuswa,-25.1132,29.0445,21.57,61,100,1.92,ZA,1667516994
60,bathsheba,13.2167,-59.5167,28.34,78,20,6.69,BB,1667516994
61,hamilton,39.1834,-84.5333,20.8,63,0,3.09,US,1667516539
62,saint george,37.1041,-113.5841,11.81,50,40,3.6,US,1667516488
63,keroka,-0.7758,34.9453,13.02,95,100,0.88,KE,1667516996
64,bulgan,48.8125,103.5347,-5.83,70,49,1.64,MN,1667516996
65,hermanus,-34.4187,19.2345,18.78,95,100,6.39,ZA,1667516997
66,iqaluit,63.7506,-68.5145,-17.38,90,13,3.71,CA,1667516997
67,yellowknife,62.456,-114.3525,-6.32,77,100,8.06,CA,1667516866
68,kenai,60.5544,-151.2583,2.05,96,0,0.0,US,1667516998
69,yulara,-25.2406,130.9889,19.91,28,0,8.0,AU,1667516527
70,havelock,34.8791,-76.9013,21.0,85,75,4.63,US,1667516999
71,zabaykalsk,49.6333,117.3167,-8.05,80,83,4.65,RU,1667516999
72,san policarpo,12.1791,125.5072,28.26,75,39,4.58,PH,1667516999
73,lagos,6.5833,3.75,24.99,91,85,1.52,NG,1667516785
74,copiapo,-27.3667,-70.3333,12.83,40,0,2.12,CL,1667516968
75,kodiak,57.79,-152.4072,2.73,48,0,12.86,US,1667516773
76,alta floresta,-9.8756,-56.0861,25.1,61,70,0.96,BR,1667517000
77,atuona,-9.8,-139.0333,25.21,80,14,5.65,PF,1667517001
78,araouane,18.9048,-3.5265,24.22,14,0,4.07,ML,1667517001
79,lerwick,60.1545,-1.1494,10.0,71,96,8.58,GB,1667517002
80,kankon,15.0167,74.0167,26.09,69,33,2.79,IN,1667517004
81,broken hill,-31.95,141.4333,14.6,52,0,4.9,AU,1667516950
82,rikitea,-23.1203,-134.9692,21.1,68,100,6.52,PF,1667517004
83,petropavlovsk-kamchatskiy,53.0452,158.6483,0.33,100,75,3.0,RU,1667516475
84,castro,-24.7911,-50.0119,9.88,86,51,2.92,BR,1667517005
85,victoria,22.2855,114.1577,23.03,93,89,3.58,HK,1667516935
86,westport,41.1415,-73.3579,15.46,83,0,2.57,US,1667517006
87,tilichiki,60.4667,166.1,-9.04,97,100,3.74,RU,1667517007
88,vicuna,-30.0319,-70.7081,25.98,40,100,1.98,CL,1667517007
89,karratha,-20.7377,116.8463,25.95,29,0,4.52,AU,1667517008
90,gornopravdinsk,60.05,69.9,-0.23,89,100,1.95,RU,1667517008
91,barrow,71.2906,-156.7887,-11.99,85,100,4.63,US,1667516827
92,dunedin,-45.8742,170.5036,15.5,49,37,4.42,NZ,1667516915
93,carnarvon,-24.8667,113.6333,21.01,77,0,7.65,AU,1667517010
94,half moon bay,37.4636,-122.4286,16.99,51,7,4.4,US,1667516417
95,krasnyy chikoy,50.3643,108.7512,-11.0,92,100,1.4,RU,1667516494
96,guerrero negro,27.9769,-114.0611,19.78,56,13,10.27,MX,1667517010
97,lavrentiya,65.5833,-171.0,-9.5,74,37,2.92,RU,1667517011
98,busselton,-33.65,115.3333,16.07,79,5,4.02,AU,1667517011
99,katsuura,35.1333,140.3,21.11,57,100,9.53,JP,1667516481
100,thompson,55.7435,-97.8558,-6.91,86,100,6.69,CA,1667516940
101,machala,-3.2667,-79.9667,23.97,73,75,3.09,EC,1667517012
102,cabo san lucas,22.8909,-109.9124,29.23,65,0,5.78,MX,1667517013
103,hithadhoo,-0.6,73.0833,27.12,76,63,5.85,MV,1667517013
104,cayenne,4.9333,-52.3333,25.02,94,0,0.0,GF,1667516232
105,bull savanna,17.8868,-77.5902,25.07,82,39,1.89,JM,1667516531
106,hilo,19.7297,-155.09,24.79,96,100,1.54,US,1667516927
107,ilulissat,69.2167,-51.1,-1.99,50,20,9.26,GL,1667517015
108,lagoa,39.05,-27.9833,19.46,88,1,4.83,PT,1667517016
109,bambous virieux,-20.3428,57.7575,22.9,79,65,3.08,MU,1667517016
110,khatanga,71.9667,102.5,-18.06,97,99,2.98,RU,1667517017
111,grand gaube,-20.0064,57.6608,22.99,75,34,1.34,MU,1667517018
112,esperance,-33.8667,121.9,18.53,59,88,9.18,AU,1667517018
113,sabang,5.8933,95.3214,24.82,88,100,3.34,ID,1667517019
114,turinsk,58.0458,63.696,-2.34,94,89,2.7,RU,1667517020
115,port alfred,-33.5906,26.891,19.98,83,94,8.98,ZA,1667517020
116,tual,-5.6667,132.75,29.39,71,99,5.38,ID,1667517021
117,grindavik,63.8424,-22.4338,2.26,87,0,3.6,IS,1667517022
118,qaanaaq,77.484,-69.3632,-13.66,54,34,3.87,GL,1667517022
119,new norfolk,-42.7826,147.0587,15.4,56,14,1.34,AU,1667517023
120,taoudenni,22.6783,-3.9836,24.56,15,43,4.62,ML,1667517023
121,krasnokamensk,50.0979,118.0369,-10.47,84,76,2.2,RU,1667517024
122,tukrah,32.5341,20.5791,20.07,72,1,1.72,LY,1667517025
123,zhezkazgan,47.8043,67.7144,6.19,46,100,6.15,KZ,1667517026
124,san cristobal,7.7669,-72.225,18.6,99,84,2.01,VE,1667516945
125,zhigansk,66.7697,123.3711,-23.92,99,53,2.86,RU,1667517026
126,melita,49.2681,-100.9967,-1.37,42,100,5.45,CA,1667517027
127,isabela,6.7085,121.9711,27.2,82,79,2.13,PH,1667517028
128,bakchar,57.0186,82.0711,-4.13,91,71,1.67,RU,1667517029
129,ponta do sol,32.6667,-17.1,22.06,87,78,0.7,PT,1667517029
130,buala,-8.145,159.5921,28.95,73,90,3.03,SB,1667517030
131,verkhnevilyuysk,63.4453,120.3167,-17.87,95,66,2.81,RU,1667517031
132,contamana,-7.3333,-75.0167,24.76,51,26,1.27,PE,1667517031
133,ewa beach,21.3156,-158.0072,30.97,58,40,6.17,US,1667517032
134,torbay,47.6666,-52.7314,3.75,62,84,2.68,CA,1667517032
135,say,13.1007,2.3689,27.98,26,16,3.67,NE,1667517033
136,rosetta,31.4044,30.4164,20.3,62,0,1.79,EG,1667517034
137,vuktyl,63.8567,57.3094,-7.44,96,85,0.98,RU,1667517034
138,lorengau,-2.0226,147.2712,29.69,66,58,0.64,PG,1667517035
139,pevek,69.7008,170.3133,-26.36,98,39,1.94,RU,1667517035
140,port elizabeth,-33.918,25.5701,19.5,89,73,5.1,ZA,1667516833
141,provideniya,64.3833,-173.3,-8.49,69,98,2.33,RU,1667517036
142,airai,-8.9266,125.4092,19.55,80,99,0.94,TL,1667517037
143,bengkulu,-3.8004,102.2655,24.4,89,100,2.38,ID,1667516791
144,mendi,-6.1761,143.6513,19.45,54,72,0.48,PG,1667516556
145,nesna,66.1967,13.0213,8.7,81,84,7.03,NO,1667517038
146,ryotsu,38.0833,138.4333,8.63,80,100,0.85,JP,1667517039
147,palmer,42.1584,-72.3287,14.48,68,0,3.6,US,1667517040
148,mount gambier,-37.8333,140.7667,12.26,75,98,1.07,AU,1667517040
149,pitimbu,-7.4706,-34.8086,26.33,77,11,6.38,BR,1667517041
150,olinda,-8.0089,-34.8553,25.91,77,8,5.69,BR,1667516512
151,huangmei,30.1924,116.025,13.38,64,21,4.61,CN,1667517042
152,tiksi,71.6872,128.8694,-19.71,99,91,3.12,RU,1667517042
153,dudinka,69.4058,86.1778,-8.54,89,100,8.42,RU,1667517043
154,yerbogachen,61.2767,108.0108,-19.56,99,19,1.61,RU,1667517043
155,awbari,26.5921,12.7805,17.08,43,32,1.48,LY,1667517044
156,iskateley,67.6803,53.1512,-8.31,88,67,2.9,RU,1667517044
157,adrar,20.5022,-10.0711,23.34,12,0,4.6,MR,1667517045
158,novoagansk,61.9449,76.6625,-2.48,98,97,1.99,RU,1667517045
159,kiboga,0.9161,31.7742,16.56,98,100,0.57,UG,1667517045
160,binga,-17.6203,27.3414,24.18,65,5,0.8,ZW,1667517046
161,narsaq,60.9167,-46.05,5.12,58,100,7.63,GL,1667517046
162,stornoway,58.2093,-6.3865,5.02,89,75,1.54,GB,1667517046
163,nanuque,-17.8392,-40.3539,17.26,89,100,7.16,BR,1667517047
164,salta,-24.7859,-65.4117,16.14,23,0,1.5,AR,1667517047
165,asyut,27.181,31.1837,19.01,55,23,2.53,EG,1667517048
166,nouadhibou,20.931,-17.0347,22.94,59,0,6.1,MR,1667517048
167,robertsport,6.7533,-11.3686,26.58,82,90,2.38,LR,1667517048
168,boa vista,2.8197,-60.6733,22.99,83,75,5.66,BR,1667516912
169,itoman,26.1247,127.6694,24.21,83,75,7.72,JP,1667517049
170,walvis bay,-22.9575,14.5053,15.05,87,1,1.15,NA,1667517050
171,northam,51.0333,-4.2167,8.47,96,92,3.42,GB,1667517050
172,isangel,-19.55,169.2667,28.45,66,4,2.85,VU,1667517051
173,souillac,-20.5167,57.5167,22.16,83,54,3.2,MU,1667517051
174,kavaratti,10.5669,72.642,27.68,74,71,2.87,IN,1667517051
175,saskylakh,71.9167,114.0833,-10.38,96,100,2.37,RU,1667517052
176,constitucion,-35.3333,-72.4167,11.73,85,36,1.57,CL,1667517052
177,keti bandar,24.1447,67.4497,26.19,70,0,4.47,PK,1667517053
178,nanortalik,60.1432,-45.2371,4.43,75,100,15.15,GL,1667517053
179,severo-kurilsk,50.6789,156.125,6.99,93,100,6.37,RU,1667517053
180,bastia,42.6667,9.3333,18.89,85,100,5.66,FR,1667517054
181,kitovo,56.8659,41.2825,0.28,88,99,1.88,RU,1667517054
182,nemuro,43.3236,145.575,6.45,57,57,3.48,JP,1667516507
183,lishu,43.3047,124.3278,-5.98,58,0,1.74,CN,1667517055
184,teya,60.3778,92.6267,-3.77,98,100,0.66,RU,1667517056
185,qasigiannguit,68.8193,-51.1922,-1.86,69,88,2.94,GL,1667517056
186,omsukchan,62.5333,155.8,-19.37,100,98,0.99,RU,1667517057
187,hearst,49.6835,-83.6665,12.33,79,97,4.93,CA,1667517057
188,avarua,-21.2078,-159.775,25.03,69,20,7.2,CK,1667517058
189,talara,-4.5772,-81.2719,18.42,77,40,6.69,PE,1667517058
190,hasaki,35.7333,140.8333,17.34,55,100,2.36,JP,1667516461
191,sitka,57.0531,-135.33,7.94,61,75,6.17,US,1667517000
192,kyabe,9.4515,18.9449,23.38,40,100,2.35,TD,1667517060
193,nuevo progreso,23.1667,-97.95,28.08,61,78,2.24,MX,1667517060
194,matehuala,23.65,-100.65,26.25,19,10,3.88,MX,1667517061
195,coihaique,-45.5752,-72.0662,25.97,36,0,3.09,CL,1667517001
196,vengerovo,55.6848,76.7471,0.61,84,99,3.76,RU,1667517062
197,neepawa,50.2289,-99.4664,0.82,44,100,5.79,CA,1667517063
198,limbuhan,11.8838,124.0501,27.5,85,48,6.34,PH,1667517063
199,puerto colombia,10.9878,-74.9547,27.46,78,100,1.99,CO,1667517064
200,yatou,37.15,122.3833,6.12,60,9,4.69,CN,1667517064
201,kalagarh,29.5,78.75,17.77,72,0,1.4,IN,1667517065
202,nome,64.5011,-165.4064,-8.61,88,63,3.73,US,1667516348
203,caruray,10.3094,119.0128,26.84,86,70,2.94,PH,1667517066
204,amursk,50.2261,136.8994,-2.49,58,99,5.75,RU,1667517066
205,axim,4.8699,-2.2405,25.97,85,88,2.78,GH,1667517067
206,bluff,-46.6,168.3333,11.6,68,70,15.22,NZ,1667517067
207,labuhan,-6.8844,112.2051,26.32,85,95,3.03,ID,1667517068
208,arraial do cabo,-22.9661,-42.0278,20.06,62,100,6.27,BR,1667517068
209,eureka,40.8021,-124.1637,13.44,81,26,1.79,US,1667517069
210,mehamn,71.0357,27.8492,6.97,76,0,6.17,NO,1667516534
211,san jeronimo,-11.9472,-75.2829,14.11,66,25,4.32,PE,1667517070
212,ereymentau,51.6199,73.1033,2.02,66,92,4.58,KZ,1667517071
213,san quintin,30.4833,-115.95,16.97,47,10,9.83,MX,1667516776
214,bethel,41.3712,-73.414,14.25,69,0,1.54,US,1667517071
215,nishihara,26.1842,127.7558,23.81,83,75,7.72,JP,1667517072
216,poum,-20.2333,164.0167,26.09,74,3,2.63,NC,1667517073
217,lielvarde,56.7207,24.8074,8.01,89,100,0.37,LV,1667517073
218,cidreira,-30.1811,-50.2056,15.52,75,0,3.75,BR,1667517074
219,skibbereen,51.55,-9.2667,10.06,84,60,4.78,IE,1667517075
220,hinton,53.4001,-117.5857,-0.93,49,100,4.19,CA,1667517076
221,kavieng,-2.5744,150.7967,28.86,69,88,0.75,PG,1667517077
222,magadan,59.5667,150.8,-2.48,93,100,10.79,RU,1667517079
223,east london,-33.0153,27.9116,19.72,83,96,7.4,ZA,1667517080
224,saint anthony,45.0205,-93.218,18.07,76,100,5.14,US,1667516417
225,talnakh,69.4865,88.3972,-8.77,95,100,4.02,RU,1667517080
226,oktyabrskiy,54.4815,53.471,-6.5,97,42,1.76,RU,1667517081
227,kangaatsiaq,68.3065,-53.4641,-5.83,76,100,4.49,GL,1667517082
228,altos,-5.0381,-42.46,27.17,63,98,1.73,BR,1667517082
229,bubaque,11.2833,-15.8333,28.7,70,88,3.92,GW,1667517083
230,college,64.8569,-147.8028,-9.68,83,100,3.6,US,1667516796
231,port moresby,-9.4431,147.1797,28.76,63,99,1.22,PG,1667517083
232,baijiantan,45.6333,85.1833,7.44,57,49,2.76,CN,1667517084
233,andrews,32.3187,-102.5457,27.22,47,0,6.69,US,1667517007
234,usinsk,65.9939,57.5281,-13.03,81,3,2.91,RU,1667517085
235,hambantota,6.1241,81.1185,25.17,83,100,3.48,LK,1667517086
236,tezu,27.9167,96.1667,16.79,46,13,2.19,IN,1667517087
237,riyadh,24.6877,46.7219,21.08,75,62,5.66,SA,1667516974
238,pochutla,15.7432,-96.4661,29.34,79,34,2.09,MX,1667517088
239,la seyne-sur-mer,43.0982,5.8847,17.97,78,77,11.34,FR,1667517088
240,emerald,-23.5333,148.1667,21.3,43,0,5.36,AU,1667517067
241,pisco,-13.7,-76.2167,18.03,77,0,6.69,PE,1667517089
242,jizan,17.3333,42.6667,28.57,68,7,1.58,SA,1667517090
243,ostrovnoy,68.0531,39.5131,1.82,85,57,8.11,RU,1667517091
244,drumheller,51.4617,-112.7101,-5.37,73,26,4.12,CA,1667516281
245,verkhoyansk,67.5447,133.385,-14.31,97,100,0.84,RU,1667517091
246,lahaina,20.8783,-156.6825,34.0,72,7,3.93,US,1667516795
247,mananjary,-21.2167,48.3333,21.09,90,100,2.68,MG,1667517092
248,hofn,64.2539,-15.2082,6.95,72,100,6.26,IS,1667517093
249,launceston,-41.45,147.1667,15.9,59,4,4.63,AU,1667517093
250,ambulu,-8.345,113.6058,25.14,90,96,0.91,ID,1667517094
251,kovdor,67.5662,30.4758,0.73,94,100,2.44,RU,1667517094
252,eyl,7.9803,49.8164,25.23,80,22,0.91,SO,1667517095
253,le lorrain,14.8329,-61.0567,26.97,90,15,4.69,MQ,1667517095
254,avera,33.194,-82.5271,20.03,55,0,3.28,US,1667517096
255,boguchany,58.3814,97.4531,-2.72,98,100,1.01,RU,1667517096
256,egvekinot,66.3167,-179.1667,-16.41,81,99,1.59,RU,1667517097
257,pak phanang,8.3511,100.202,25.03,87,97,1.28,TH,1667516951
258,taltal,-25.4,-70.4833,17.26,70,22,2.27,CL,1667517020
259,richards bay,-28.783,32.0377,21.57,92,100,4.08,ZA,1667517098
260,yagodnoye,62.55,149.6667,-16.96,91,100,0.25,RU,1667517099
261,bilma,18.6853,12.9164,20.97,22,92,2.87,NE,1667517099
262,yeniseysk,58.4497,92.1703,-1.2,99,100,1.29,RU,1667517099
263,darovskoy,58.77,47.9564,-0.43,93,100,2.35,RU,1667517100
264,xining,36.6167,101.7667,1.04,83,18,0.23,CN,1667517101
265,mizdah,31.4451,12.9801,14.87,60,0,2.34,LY,1667517101
266,juba,4.8517,31.5825,21.6,81,66,1.24,SS,1667517101
267,mahebourg,-20.4081,57.7,22.92,80,61,3.24,MU,1667517102
268,geraldton,-28.7667,114.6,17.23,94,40,3.09,AU,1667517102
269,wakefield,53.6809,-1.499,8.11,89,24,1.78,GB,1667517068
270,elko,41.0002,-115.5012,1.52,47,27,5.81,US,1667517103
271,portland,45.5234,-122.6762,9.94,82,100,3.09,US,1667516912
272,conakry,9.538,-13.6773,27.7,74,100,1.44,GN,1667516975
273,itajuba,-22.4256,-45.4528,14.86,74,93,1.79,BR,1667517104
274,kabanga,-2.6386,30.4678,15.33,97,100,0.77,TZ,1667516957
275,merauke,-8.4667,140.3333,28.05,74,97,2.62,ID,1667517105
276,nalut,30.3333,10.85,16.65,31,3,1.73,LY,1667517106
277,new ulm,44.3125,-94.4605,20.24,64,0,6.17,US,1667516978
278,west plains,36.7281,-91.8524,22.46,63,100,5.14,US,1667517106
279,maridi,4.9158,29.4742,19.15,94,99,0.92,SS,1667517107
280,terrace bay,48.7834,-87.1,7.05,93,33,2.92,CA,1667517107
281,heide,54.2,9.1,11.03,73,100,6.25,DE,1667517107
282,wamba,8.9333,8.6,24.5,59,99,1.27,NG,1667517108
283,ponta delgada,37.7333,-25.6667,21.39,94,75,4.12,PT,1667517108
284,cherskiy,68.75,161.3,-29.32,94,8,2.32,RU,1667517109
285,havoysund,70.9963,24.6622,6.13,90,99,5.17,NO,1667517109
286,khorramshahr,30.4397,48.1664,13.97,27,0,3.78,IR,1667517110
287,marsa matruh,31.3525,27.2453,19.77,65,0,1.95,EG,1667517110
288,garmsar,35.2182,52.3409,15.31,41,0,2.83,IR,1667517111
289,baruun-urt,46.6806,113.2792,-7.57,59,4,4.07,MN,1667517111
290,luwuk,-0.9516,122.7875,27.01,83,100,0.26,ID,1667517112
291,vestmanna,62.1564,-7.1664,6.51,100,100,8.23,FO,1667517112
292,suez,29.9737,32.5263,20.13,71,36,3.87,EG,1667517112
293,aasiaat,68.7098,-52.8699,-13.04,71,100,2.65,GL,1667517113
294,rubtsovsk,51.5,81.25,1.28,88,43,1.69,RU,1667517113
295,sawakin,19.1059,37.3321,27.09,63,69,2.78,SD,1667517114
296,ploemeur,47.7333,-3.4333,12.19,85,75,8.75,FR,1667517114
297,milkovo,54.7167,158.6167,-3.75,92,100,1.79,RU,1667517114
298,kaitangata,-46.2817,169.8464,11.19,71,65,5.49,NZ,1667517115
299,necochea,-38.5473,-58.7368,14.58,53,0,8.25,AR,1667516564
300,sundargarh,22.1167,84.0333,17.24,66,0,1.32,IN,1667517116
301,hobyo,5.3505,48.5268,26.47,71,9,3.02,SO,1667517116
302,auki,-8.7676,160.7034,29.26,69,57,0.33,SB,1667517117
303,oriximina,-1.7656,-55.8661,25.9,74,100,2.01,BR,1667517117
304,pokrovka,42.3414,78.0056,6.44,52,100,2.64,KG,1667517118
305,mandiana,10.6333,-8.6833,24.55,35,44,1.57,GN,1667517118
306,los llanos de aridane,28.6585,-17.9182,19.86,77,100,3.6,ES,1667517119
307,caravelas,-17.7125,-39.2481,20.66,89,100,8.61,BR,1667517119
308,dikson,73.5069,80.5464,-4.44,87,100,2.33,RU,1667517120
309,dehloran,32.6941,47.2679,19.77,34,0,2.2,IR,1667517121
310,mbaiki,3.8678,17.9892,20.66,99,98,0.38,CF,1667517121
311,colon,9.3592,-79.9014,25.76,85,100,2.18,PA,1667517122
312,garowe,8.4054,48.4845,23.39,71,15,4.69,SO,1667517122
313,ancud,-41.8697,-73.8203,13.02,87,14,2.84,CL,1667517123
314,kang,-23.6752,22.7876,20.66,70,97,3.69,BW,1667517124
315,chifeng,42.2683,118.9636,-3.55,43,0,2.96,CN,1667517124
316,lata,40.1629,-8.3327,14.4,95,81,0.29,PT,1667516527
317,kargasok,59.0556,80.8572,-3.8,94,91,2.18,RU,1667517125
318,sobolevo,54.4299,31.8996,4.66,92,100,1.49,RU,1667517125
319,dhaka,23.7104,90.4074,23.99,78,20,0.0,BD,1667517028
320,guayaramerin,-10.8368,-65.3614,21.87,34,2,1.62,BO,1667517126
321,muros,42.7762,-9.0603,10.64,94,97,2.01,ES,1667517127
322,huadian,42.9633,126.7478,-4.65,44,0,3.38,CN,1667517127
323,lompoc,34.6391,-120.4579,18.3,55,0,10.29,US,1667517128
324,kapit,2.0167,112.9333,23.23,99,100,0.71,MY,1667517128
325,sal rei,16.1833,-22.9167,25.86,78,100,5.97,CV,1667517129
326,dicabisagan,17.0818,122.4157,26.15,82,27,1.08,PH,1667517129
327,leningradskiy,69.3833,178.4167,-17.44,94,100,4.11,RU,1667517130
328,vagay,57.9375,69.0217,0.18,98,99,2.96,RU,1667517130
329,kalmunai,7.4167,81.8167,25.31,86,100,1.22,LK,1667517131
330,dingle,10.9995,122.6711,26.06,91,78,2.75,PH,1667517131
331,beloha,-25.1667,45.05,17.62,84,51,2.84,MG,1667517132
332,honiara,-9.4333,159.95,29.7,69,28,1.59,SB,1667517132
333,evensk,61.95,159.2333,-12.01,69,100,5.43,RU,1667517132
334,siverek,37.755,39.3167,12.76,31,4,1.11,TR,1667517133
335,yuncheng,35.0231,110.9928,8.62,85,97,2.35,CN,1667517134
336,san jose,37.3394,-121.895,17.62,39,20,4.63,US,1667516525
337,jalu,29.0331,21.5482,18.25,52,97,3.93,LY,1667517134
338,port blair,11.6667,92.75,25.49,75,73,2.25,IN,1667516563
339,koson,39.0375,65.585,14.18,82,100,3.29,UZ,1667517135
340,longyearbyen,78.2186,15.6401,-0.09,86,0,5.14,SJ,1667517136
341,tankhoy,51.5528,105.1306,-0.22,71,43,3.06,RU,1667517136
342,ola,59.5833,151.2833,-2.14,89,100,10.25,RU,1667517137
343,acajutla,13.5928,-89.8275,27.62,78,83,1.45,SV,1667517138
344,banos,-1.4,-78.4167,15.62,91,83,1.48,EC,1667517139
345,broome,42.2506,-75.833,13.66,61,0,2.22,US,1667517140
346,salalah,17.0151,54.0924,26.05,73,75,2.06,OM,1667517140
347,kushima,31.4583,131.2333,17.35,75,19,3.27,JP,1667517141
348,quatre cocos,-20.2078,57.7625,22.83,80,62,3.03,MU,1667517142
349,clyde river,70.4692,-68.5914,-7.6,95,100,2.4,CA,1667517143
350,krasnoselkup,65.7,82.4667,-16.97,89,13,2.85,RU,1667517144
351,doha,25.2867,51.5333,28.99,70,0,3.09,QA,1667517145
352,paros,37.0833,25.15,17.82,67,2,2.57,GR,1667517145
353,sao filipe,14.8961,-24.4956,27.69,51,100,3.43,CV,1667517145
354,lasa,46.6166,10.7002,7.98,99,100,2.4,IT,1667517146
355,manzhouli,49.6,117.4333,-8.54,82,85,3.94,CN,1667517147
356,okhotsk,59.3833,143.3,-3.49,92,100,5.07,RU,1667517147
357,ust-kulom,61.6864,53.6902,-2.07,94,100,2.27,RU,1667517148
358,quelimane,-17.8786,36.8883,24.45,83,100,2.63,MZ,1667517074
359,scarborough,54.2797,-0.4044,5.74,90,10,0.89,GB,1667516329
360,mahon,39.8885,4.2658,20.31,83,20,2.57,ES,1667517006
361,seljord,59.4894,8.634,10.23,99,100,2.99,NO,1667516919
362,kulu,39.0951,33.0799,11.04,51,8,1.72,TR,1667517150
363,tuy hoa,13.0833,109.3,23.23,89,96,2.41,VN,1667517150
364,stephenville,32.2207,-98.2023,26.44,60,0,6.69,US,1667517151
365,marzuq,14.4,46.4667,19.27,70,0,1.11,YE,1667517151
366,upernavik,72.7868,-56.1549,-4.97,52,96,3.86,GL,1667516933
367,port augusta,-32.5,137.7667,17.63,47,0,2.78,AU,1667517152
368,vanimo,-2.6741,141.3028,27.43,85,86,0.98,PG,1667517152
369,disna,55.568,28.1971,6.9,95,100,1.21,BY,1667517153
370,cabra,37.4725,-4.4421,16.06,57,96,0.95,ES,1667517153
371,negombo,7.2083,79.8358,25.17,84,96,1.2,LK,1667517154
372,fairbanks,64.8378,-147.7164,-9.67,84,100,3.6,US,1667517000
373,te anau,-45.4167,167.7167,10.15,83,99,4.64,NZ,1667516997
374,buritis,-15.6178,-46.4233,17.65,93,100,3.14,BR,1667517154
375,shimanovsk,52.0,127.7,-10.46,88,13,2.61,RU,1667517155
376,hecun,36.5333,114.1111,6.98,89,99,0.46,CN,1667517155
377,kieta,-6.2167,155.6333,29.64,66,79,1.16,PG,1667517156
378,lodja,-3.4833,23.4333,20.23,95,89,0.62,CD,1667517157
379,ariquemes,-9.9133,-63.0408,22.74,47,5,1.13,BR,1667517157
380,ucluelet,48.9329,-125.5528,7.27,92,100,2.24,CA,1667517157
381,mecca,21.4267,39.8261,23.66,51,1,2.61,SA,1667517012
382,touros,-5.1989,-35.4608,25.83,79,30,5.93,BR,1667517158
383,davila,18.4726,120.5763,26.62,83,89,5.49,PH,1667517159
384,srednekolymsk,67.45,153.6833,-29.18,93,66,1.52,RU,1667517160
385,athabasca,54.7169,-113.2854,-4.83,76,64,4.55,CA,1667517160
386,voyvozh,62.892,54.9635,-5.43,98,95,1.65,RU,1667517161
387,ipixuna,-1.7625,-48.8043,24.32,92,94,1.5,BR,1667517162
388,maposeni,-10.5833,35.4,18.77,60,35,1.44,TZ,1667517162
389,havre-saint-pierre,50.2334,-63.5986,3.64,75,84,4.13,CA,1667517163
390,pundaguitan,6.3711,126.1689,28.15,77,100,4.47,PH,1667517163
391,guasdualito,7.2424,-70.7324,22.29,85,96,1.63,VE,1667517163
392,faanui,-16.4833,-151.75,24.94,82,97,8.81,PF,1667517164
393,teeli,51.0333,90.2333,-5.58,83,100,0.28,RU,1667517164
394,san rafael,-34.6177,-68.3301,23.89,14,50,7.52,AR,1667517165
395,beaverlodge,55.2166,-119.4361,0.97,45,100,4.31,CA,1667517165
396,sinnamary,5.3833,-52.95,25.83,88,56,3.12,GF,1667517166
397,zhanaozen,43.3,52.8,8.32,58,82,5.74,KZ,1667517166
398,saint-augustin,51.226,-58.6502,1.62,36,100,4.46,CA,1667517167
399,camacha,33.0833,-16.3333,19.68,88,40,3.6,PT,1667517167
400,chicama,-7.8447,-79.1469,16.3,72,46,3.06,PE,1667517168
401,trincomalee,8.5711,81.2335,25.05,89,99,4.09,LK,1667517168
402,gbadolite,4.2833,21.0167,21.51,94,100,0.33,CD,1667517169
403,ambad,19.6167,75.8,18.17,65,0,1.48,IN,1667517170
404,beian,63.6559,9.5683,11.12,66,0,5.14,NO,1667517170
405,harper,4.375,-7.7169,25.44,88,100,3.05,LR,1667517171
406,pilar,-9.5972,-35.9567,23.96,82,64,3.6,BR,1667517172
407,behshahr,36.6923,53.5526,14.32,69,56,0.81,IR,1667517172
408,melo,-32.3667,-54.1833,12.83,85,0,4.37,UY,1667517173
409,almaznyy,48.0448,40.045,2.85,84,47,0.29,RU,1667517173
410,denpasar,-8.65,115.2167,26.81,88,75,2.57,ID,1667517106
411,codrington,-38.2667,141.9667,13.22,77,95,1.66,AU,1667517174
412,bambanglipuro,-7.95,110.2833,25.64,89,97,3.04,ID,1667517174
413,nhulunbuy,-12.2333,136.7667,31.34,51,25,7.2,AU,1667517174
414,savannah bight,16.45,-85.85,27.38,78,99,5.86,HN,1667517175
415,erenhot,43.6475,111.9767,-3.09,35,0,3.97,CN,1667517175
416,shieli,44.1667,66.75,8.43,61,99,3.6,KZ,1667517177
417,swan hill,-35.3378,143.5544,14.03,65,0,2.95,AU,1667517177
418,da lat,11.9465,108.4419,14.6,99,78,0.94,VN,1667517178
419,todos santos,23.45,-110.2167,30.58,68,14,5.49,MX,1667517178
420,vila franca do campo,37.7167,-25.4333,21.22,97,69,3.58,PT,1667517179
421,luorong,24.4058,109.6086,21.08,42,100,5.78,CN,1667517179
422,grand-santi,4.25,-54.3833,23.09,98,94,1.66,GF,1667517180
423,rundu,-17.9333,19.7667,20.88,76,90,2.82,NA,1667517180
424,anadyr,64.75,177.4833,-18.74,93,100,3.94,RU,1667517181
425,hami,42.8,93.45,5.02,38,38,0.7,CN,1667516929
426,skjervoy,70.0311,20.9714,6.0,75,92,3.65,NO,1667517181
427,robe,-37.1833,139.75,12.19,74,100,1.0,AU,1667517182
428,joshimath,30.5667,79.5667,11.56,31,1,3.5,IN,1667517182
429,cestas,44.7435,-0.6791,12.81,89,75,3.6,FR,1667517183
430,bereda,43.2686,-7.5406,7.86,100,56,1.33,ES,1667517184
431,haines junction,60.7522,-137.5108,-3.26,93,100,1.45,CA,1667517184
432,bezhanitsy,56.9767,29.8907,3.44,91,91,1.68,RU,1667517185
433,huilong,31.8111,121.655,14.96,62,97,7.84,CN,1667517185
434,urla,38.3229,26.764,11.22,57,3,1.78,TR,1667517186
435,coruripe,-10.1256,-36.1756,25.36,82,60,5.99,BR,1667517186
436,mulege,26.8833,-111.9833,24.11,44,1,5.25,MX,1667517186
437,morrope,-6.5417,-80.0111,18.06,74,35,6.7,PE,1667517187
438,barstow,34.8986,-117.0228,15.55,17,10,5.91,US,1667517005
439,tautira,-17.7333,-149.15,24.12,82,94,8.74,PF,1667517188
440,rocha,-34.4833,-54.3333,10.87,88,0,2.41,UY,1667517188
441,krasnyy yar,46.5331,48.3456,1.96,79,14,3.55,RU,1667517189
442,maxixe,-23.8597,35.3472,21.72,86,94,2.16,MZ,1667517190
443,olafsvik,64.8945,-23.7142,4.73,88,54,5.55,IS,1667517190
444,picton,-34.1833,150.6,18.11,66,75,1.75,AU,1667517190
445,rajapalaiyam,9.45,77.5667,23.28,92,100,0.49,IN,1667517191
446,les cayes,18.2,-73.75,25.67,81,47,0.98,HT,1667517191
447,barsuki,54.2655,37.4875,-2.13,90,58,2.02,RU,1667517192
448,inhambane,-23.865,35.3833,22.19,84,95,2.42,MZ,1667517192
449,coquimbo,-29.9533,-71.3436,13.85,76,0,3.6,CL,1667517193
450,pacific grove,36.6177,-121.9166,17.46,61,0,4.63,US,1667517086
451,houston,29.7633,-95.3633,28.5,75,20,7.2,US,1667516461
452,akyab,20.15,92.9,24.14,84,0,3.85,MM,1667517194
453,saint-pierre,-21.3393,55.4781,24.76,68,0,3.09,RE,1667517195
454,high rock,26.6208,-78.2833,26.01,73,11,5.79,BS,1667517195
455,dedougou,12.4667,-3.4667,25.91,20,86,2.9,BF,1667517196
456,sungairaya,0.7,108.9,25.32,88,100,1.66,ID,1667517197
457,mackay,-21.15,149.2,26.49,54,4,7.39,AU,1667517197
458,port lincoln,-34.7333,135.8667,14.74,64,10,4.49,AU,1667517198
459,ilhabela,-23.7781,-45.3581,17.07,69,35,1.68,BR,1667517200
460,baykit,61.67,96.37,-13.53,98,99,0.63,RU,1667517201
461,harer,9.3094,42.1258,17.03,66,78,0.21,ET,1667517201
462,muta,46.6114,15.1661,13.46,96,100,2.21,SI,1667517202
463,tiarei,-17.5333,-149.3333,27.01,80,89,9.31,PF,1667517202
464,tlacotepec,20.0667,-97.8667,19.11,94,100,1.63,MX,1667517203
465,charleston,32.7766,-79.9309,20.62,77,0,3.09,US,1667516919
466,wajir,1.7471,40.0573,25.17,72,96,6.49,KE,1667517203
467,mackenzie,55.2999,-123.1698,-3.88,93,100,5.14,CA,1667517204
468,gravdal,68.1214,13.5031,6.94,93,75,1.03,NO,1667517204
469,kruisfontein,-34.0033,24.7314,18.27,90,48,4.51,ZA,1667517205
470,tuatapere,-46.1333,167.6833,11.67,72,90,6.29,NZ,1667517040
471,camalu,30.85,-116.0667,16.38,47,17,9.51,MX,1667517206
472,kananga,-5.8958,22.4178,19.04,92,71,0.36,CD,1667517207
473,hargeysa,9.56,44.065,20.29,72,18,0.49,SO,1667517207
474,toppenish,46.3774,-120.3087,7.0,52,100,2.58,US,1667517208
475,la ronge,55.1001,-105.2842,-6.01,91,100,2.76,CA,1667517209
476,general salgado,-20.6483,-50.3606,18.14,59,97,5.41,BR,1667517210
477,bandarbeyla,9.4942,50.8122,25.06,75,4,0.86,SO,1667517210
478,kihei,20.785,-156.4656,34.01,59,40,9.77,US,1667517115
479,caconda,-13.7333,15.0667,15.33,91,94,1.25,AO,1667517211
480,flinders,-34.5833,150.8552,20.03,72,37,2.68,AU,1667517211
481,singaraja,-8.112,115.0882,27.13,82,86,1.08,ID,1667517212
482,aviles,43.5547,-5.9248,13.76,59,20,4.63,ES,1667516918
483,oyama,36.3,139.8,16.44,60,100,2.26,JP,1667517212
484,kaeo,-35.1,173.7833,20.68,58,83,3.36,NZ,1667517213
485,chitral,35.8462,71.7858,14.36,66,100,0.79,PK,1667517139
486,rawah,34.4816,41.9093,16.9,34,0,2.31,IQ,1667517214
487,balkhash,46.844,74.9804,5.46,51,100,4.61,KZ,1667517214
488,vostochnyy,55.8167,37.8667,-1.04,94,87,1.87,RU,1667517215
489,kutum,14.2,24.6667,16.57,22,89,3.75,SD,1667517216
490,tommot,58.9564,126.2925,-6.4,95,100,2.48,RU,1667517216
491,belmonte,-15.8631,-38.8828,21.62,88,100,8.26,BR,1667517217
492,sorland,67.667,12.6934,8.92,81,100,4.83,NO,1667517218
493,khorixas,-20.3667,14.9667,16.65,35,8,1.42,NA,1667517218
494,mokhsogollokh,61.4681,128.9203,-9.76,97,100,1.05,RU,1667517219
495,luneville,48.6,6.5,10.94,90,100,5.54,FR,1667517219
496,balkanabat,39.5108,54.3671,13.53,74,29,4.1,TM,1667517220
497,mount isa,-20.7333,139.5,23.87,19,0,6.17,AU,1667517221
498,hanzhong,33.0728,107.0303,12.36,84,100,0.76,CN,1667517066
499,areosa,41.7178,-8.8571,12.59,77,83,4.32,PT,1667517221
500,maungaturoto,-36.1,174.3667,20.41,57,21,2.49,NZ,1667517222
501,bomet,-0.7813,35.3416,14.05,93,100,1.14,KE,1667517222
502,kalawit,8.0667,122.5167,26.78,87,85,2.4,PH,1667517222
503,hyeres,43.1167,6.1167,17.86,72,0,5.66,FR,1667517223
504,sandakan,5.8402,118.1179,25.63,86,100,1.68,MY,1667517223
505,dukat,62.55,155.55,-18.58,98,99,0.86,RU,1667517224
506,conde,-7.2597,-34.9075,25.7,83,20,5.14,BR,1667517224
507,victor harbor,-35.5667,138.6167,16.11,72,48,2.43,AU,1667517225
508,moree,-29.4667,149.85,18.55,44,0,5.05,AU,1667517225
509,tessaoua,13.7574,7.9874,26.25,19,77,5.86,NE,1667517226
510,gidam,18.9833,81.4,17.12,80,0,1.29,IN,1667517226
511,pouebo,-20.4,164.5667,28.59,61,2,3.41,NC,1667517227
512,bonavista,48.6499,-53.1147,3.01,58,85,11.46,CA,1667517227
513,the pas,53.8251,-101.2541,-3.99,80,100,9.77,CA,1667517228
514,cap malheureux,-19.9842,57.6142,23.04,75,31,1.34,MU,1667517228
515,kaseda,31.4167,130.3167,18.36,60,61,7.16,JP,1667517228
516,kikwit,-5.041,18.8162,20.56,89,62,0.3,CD,1667517229
517,kuching,1.55,110.3333,23.12,100,40,2.24,MY,1667517229
518,deputatskiy,69.3,139.9,-20.49,95,100,1.07,RU,1667517230
519,chapais,49.7834,-74.8492,10.9,69,100,6.04,CA,1667517230
520,saint-francois,46.4154,3.9054,9.69,81,0,3.09,FR,1667517231
521,ugoofaaru,5.6667,73.0,27.36,77,26,4.72,MV,1667517232
522,shrigonda,18.6167,74.6833,19.69,56,0,2.79,IN,1667517232
523,lodwar,3.1191,35.5973,28.66,46,99,5.01,KE,1667517232
524,sakakah,29.9697,40.2064,18.38,46,0,0.78,SA,1667516948
525,hauterive,46.0901,3.4459,11.42,90,64,2.75,FR,1667517233
526,henties bay,-22.116,14.2845,14.41,87,0,2.57,NA,1667517234
527,razlog,41.8863,23.4671,11.21,62,26,0.14,BG,1667517234
528,pedernales,18.0384,-71.744,27.1,76,73,1.2,DO,1667517235
529,vila do maio,15.1333,-23.2167,26.44,75,100,5.88,CV,1667517235
530,angoche,-16.2325,39.9086,25.08,84,71,2.14,MZ,1667517236
531,dombarovskiy,50.7587,59.5386,-2.65,96,90,4.17,RU,1667517236
532,panzhihua,26.5851,101.7128,13.08,85,1,0.77,CN,1667517237
533,giyon,8.5333,37.9833,12.02,68,6,3.74,ET,1667517238
534,nuuk,64.1835,-51.7216,-1.18,63,100,3.24,GL,1667517238
535,santarem,-2.4431,-54.7083,25.07,88,0,1.03,BR,1667517239
536,la reforma,25.0833,-108.05,26.58,55,1,5.19,MX,1667517240
537,chowchilla,37.123,-120.2602,15.82,47,0,4.63,US,1667517100
538,kuldiga,56.974,21.9572,-0.17,96,1,1.87,LV,1667517240
539,byron bay,-28.65,153.6167,21.08,56,3,5.32,AU,1667517140
540,korla,41.7597,86.1469,7.47,44,60,3.79,CN,1667517241
541,panguna,-6.3164,155.4848,27.52,61,82,0.59,PG,1667517242
542,portobelo,9.55,-79.65,26.17,87,100,3.01,PA,1667517242
543,kulhudhuffushi,6.6221,73.07,27.36,75,88,3.78,MV,1667517243
544,coron,11.9986,120.2043,25.95,91,48,2.89,PH,1667517243
545,shingu,33.7333,135.9833,17.21,74,99,1.99,JP,1667517244
546,vila velha,-20.3297,-40.2925,18.97,85,100,6.69,BR,1667516965
547,riviere-au-renard,48.9957,-64.3971,5.64,71,97,3.08,CA,1667517245
548,yar-sale,66.8333,70.8333,-15.36,93,5,1.65,RU,1667517246
549,bay roberts,47.5999,-53.2648,4.17,58,69,2.24,CA,1667517246
550,progreso,21.2833,-89.6667,26.17,87,100,3.86,MX,1667517247
551,huangnihe,43.5583,128.0239,-6.44,42,0,2.58,CN,1667517247
552,altay,47.8667,88.1167,2.8,43,92,3.3,CN,1667517248
553,puerto madero,14.7208,-92.4215,30.11,89,75,0.0,MX,1667517248
554,bassar,9.25,0.7833,24.17,49,68,1.43,TG,1667517250
555,santa cruz de la palma,28.6835,-17.7642,22.08,83,100,3.6,ES,1667517250
556,eldama ravine,0.0516,35.7308,13.71,92,100,0.57,KE,1667517251
557,hualmay,-11.0964,-77.6139,18.33,77,6,3.69,PE,1667517251
558,skelleftea,64.7507,20.9528,6.67,100,100,3.09,SE,1667517252
559,uray,60.1247,64.7758,-0.68,87,84,1.66,RU,1667517252
560,marabba,12.35,32.1833,27.17,20,58,6.12,SD,1667517253
561,sokoni,-6.4333,39.55,25.08,82,36,3.92,TZ,1667517254
562,tucuma,-0.1833,-50.05,25.35,86,84,3.09,BR,1667517255
